<?xml version="1.0" encoding="UTF-8"?>
<project-private xmlns="http://www.netbeans.org/ns/project-private/1">
    <editor-bookmarks xmlns="http://www.netbeans.org/ns/editor-bookmarks/2" lastBookmarkId="0"/>
    <open-files xmlns="http://www.netbeans.org/ns/projectui-open-files/2">
        <group>
            <file>file:/home/henrik/Code/intro-to-ai-17-exercises/part2/AlphaBeta/src/TicTacToe.java</file>
            <file>file:/home/henrik/Code/intro-to-ai-17-exercises/part2/AlphaBeta/src/AlphaBeta.java</file>
            <file>file:/home/henrik/Code/intro-to-ai-17-exercises/part2/AlphaBeta/src/Main.java</file>
            <file>file:/home/henrik/Code/intro-to-ai-17-exercises/part2/AlphaBeta/src/AlphaBetaNode.java</file>
        </group>
    </open-files>
</project-private>
