[{"code":"1030423","address":"Eteläesplanadi","name":"Kauppatori","x":2553013,"y":6673256,"neighbors":{"1030427":["1003T 2"],"1010451":["1003T 1"],"1010420":["1001  1"]}},{"code":"1010420","address":"Snellmaninkatu 3","name":"Hallituskatu","x":2553110,"y":6673575,"neighbors":{"1010451":["1001  2","1007A 1"],"1010421":["1001  1","1007B 1"]}},{"code":"1010421","address":"Snellmaninkatu 13","name":"Vironkatu","x":2553099,"y":6673745,"neighbors":{"1010427":["1001  1","1007B 1"],"1010420":["1001  2","1007A 2"]}},{"code":"1010427","address":"Liisankatu 25","name":"Snellmaninkatu","x":2553002,"y":6673996,"neighbors":{"1010421":["1001  2","1007A 2"],"1111428":["1001  1","1007B 1"]}},{"code":"1111428","address":"Siltasaarenkatu","name":"Hakaniemi","x":2552909,"y":6674610,"neighbors":{"1111431":["1001  1","1003B 1","1009  1"],"1113432":["1006  1","1007B 1"],"1010427":["1001  2","1007A 2"],"1020459":["1003B 2","1006  2","1009  2"]}},{"code":"1111431","address":"Siltasaarenkatu 11","name":"Kallion virastotalo","x":2552887,"y":6674736,"neighbors":{"1112433":["1001  1","1003B 1","1009  1"],"1111428":["1001  2","1003B 2","1009  2"]}},{"code":"1112433","address":"Viides linja","name":"Karhupuisto","x":2553031,"y":6675049,"neighbors":{"1113480":["1001  1","1003B 1","1009  1"],"1111431":["1001  2","1003B 2","1009  2"]}},{"code":"1113480","address":"Kaarlenkatu 11","name":"Kaarlenkatu","x":2552972,"y":6675343,"neighbors":{"1121480":["1001  1","1003B 1"],"1121406":["1009  1"],"1112433":["1001  2","1003B 2","1009  2"]}},{"code":"1121480","address":"Läntinen Brahenkatu","name":"Urheilutalo","x":2552801,"y":6675430,"neighbors":{"1113480":["1001  2","1003B 2"],"1121446":["1008  2"],"1121450":["1008  1"],"1121438":["1001  1"],"1122440":["1003B 1"]}},{"code":"1121438","address":"Läntinen Brahenkatu","name":"Brahenkatu","x":2552787,"y":6675730,"neighbors":{"1220414":["1001  1"],"1121480":["1001  2"]}},{"code":"1220414","address":"Sturenkatu 23","name":"Roineentie","x":2553127,"y":6676133,"neighbors":{"1220416":["1001  1"],"1121438":["1001  2"]}},{"code":"1220416","address":"Mäkelänkatu 31","name":"Hattulantie","x":2553229,"y":6676308,"neighbors":{"1220414":["1001  2"],"1220425":["1007A 2"],"1220418":["1001  1","1007B 1"]}},{"code":"1220418","address":"Mäkelänkatu 37","name":"Rautalammintie","x":2553053,"y":6676458,"neighbors":{"1220416":["1001  2","1007A 2"],"1220420":["1001  1","1007B 1"]}},{"code":"1220420","address":"Mäkelänkatu 45","name":"Mäkelänrinne","x":2552818,"y":6676631,"neighbors":{"1220426":["1001  1","1007B 1"],"1220418":["1001  2","1007A 2"]}},{"code":"1220426","address":"Mäkelänkatu","name":"Uintikeskus","x":2552605,"y":6676885,"neighbors":{"1173416":["1001  1"],"1220420":["1001  2","1007A 2"],"1173430":["1007B 1"]}},{"code":"1173416","address":"Mäkelänkatu","name":"Pyöräilystadion","x":2552601,"y":6677202,"neighbors":{"1220426":["1001  2"],"1173423":["1001  1"]}},{"code":"1173423","address":"Mäkelänkatu","name":"Koskelantie","x":2552587,"y":6677806,"neighbors":{"1173416":["1001  2"],"1250425":["1001  1"]}},{"code":"1250425","address":"Mäkelänkatu 93","name":"Kimmontie","x":2552533,"y":6678039,"neighbors":{"1250427":["1001  1"],"1173423":["1001  2"]}},{"code":"1250427","address":"Mäkelänkatu 99","name":"Käpylänaukio","x":2552473,"y":6678311,"neighbors":{"1250425":["1001  2"],"1250429":["1001  1"]}},{"code":"1250429","address":"Pohjolankatu 25","name":"Metsolantie","x":2552735,"y":6678546,"neighbors":{"1250431":["1001  1"],"1250427":["1001  2"]}},{"code":"1250431","address":"Pohjolanaukio","name":"Pohjolanaukio","x":2553071,"y":6678733,"neighbors":{"1250429":["1001  2"]}},{"code":"1010451","address":"Aleksanterinkatu","name":"Senaatintori","x":2552997,"y":6673446,"neighbors":{"1020449":["1003T 1","1004  1","1007A 1"],"1030423":["1001  2"]}},{"code":"1090415","address":"Laivasillankatu","name":"Olympialaituri","x":2553272,"y":6672595,"neighbors":{"1030427":["1003T 1"],"1070417":["1003B 1"]}},{"code":"1070417","address":"Tehtaankatu","name":"Kaivopuisto","x":2553191,"y":6672381,"neighbors":{"1090415":["1003B 2"],"1070419":["1003B 1"]}},{"code":"1070419","address":"Tehtaankatu 1","name":"Neitsytpolku","x":2552905,"y":6672258,"neighbors":{"1070421":["1003B 1"],"1070417":["1003B 2"]}},{"code":"1070421","address":"Tehtaankatu 11","name":"Kapteeninkatu","x":2552680,"y":6672223,"neighbors":{"1070423":["1003B 1"],"1070419":["1003B 2"]}},{"code":"1070423","address":"Tehtaankatu 21","name":"Eiran sairaala","x":2552474,"y":6672204,"neighbors":{"1070421":["1003B 2"],"1050408":["1003B 1"]}},{"code":"1050408","address":"Fredrikinkatu 19","name":"Viiskulma","x":2552455,"y":6672541,"neighbors":{"1070423":["1003B 2"],"1050413":["1003B 1"]}},{"code":"1050413","address":"Fredrikinkatu 21","name":"Iso Roobertinkatu","x":2552331,"y":6672723,"neighbors":{"1040401":["1003B 1"],"1050408":["1003B 2"]}},{"code":"1040401","address":"Bulevardi 18-20","name":"Fredrikinkatu","x":2552259,"y":6672928,"neighbors":{"1050413":["1003B 2"],"1040437":["1003B 1","1006  1"],"1050439":["1006  2"]}},{"code":"1040437","address":"Bulevardi 6","name":"Erottaja","x":2552499,"y":6673103,"neighbors":{"1040401":["1003B 2","1006  2"],"1020463":["1003B 1","1006  1"]}},{"code":"1020463","address":"Mannerheimintie 1","name":"Ylioppilastalo","x":2552427,"y":6673321,"neighbors":{"1020449":["1004  2","1007B 2"],"1030428":["1010  2"],"1020444":["1004  1","1007A 1","1010  1"],"1020453":["1003B 1","1006  1"],"1040437":["1003B 2","1006  2"]}},{"code":"1020453","address":"Kaivokatu","name":"Rautatieasema","x":2552458,"y":6673575,"neighbors":{"1020457":["1003B 1","1006  1","1009  1"],"1020463":["1003B 2","1006  2"],"1040411":["1003T 1","1009  2"],"1020401":["1003T 2"]}},{"code":"1020457","address":"Kaisaniemenkatu 7","name":"Kaisaniemi","x":2552775,"y":6673730,"neighbors":{"1020459":["1003B 1","1006  1","1009  1"],"1020453":["1003B 2","1006  2","1009  2"]}},{"code":"1020459","address":"Kaisaniemenkatu","name":"Varsapuistikko","x":2552884,"y":6673944,"neighbors":{"1020457":["1003B 2","1006  2","1009  2"],"1111428":["1003B 1","1006  1","1009  1"]}},{"code":"1122440","address":"Porvoonkatu","name":"Porvoonkatu","x":2552616,"y":6675850,"neighbors":{"1122413":["1003B 1"],"1121480":["1003B 2"]}},{"code":"1122413","address":"Viipurinkatu 13","name":"Alppila","x":2552362,"y":6675892,"neighbors":{"1122415":["1003B 1"],"1122440":["1003B 2"]}},{"code":"1122415","address":"Viipurinkatu 31","name":"Karjalankatu","x":2552112,"y":6676015,"neighbors":{"1122413":["1003B 2"],"1171445":["1003B 1"]}},{"code":"1171445","address":"Nordenskiöldinkatu","name":"Eläintarha","x":2551771,"y":6676039,"neighbors":{"1180443":["1003T 2","1007B 2"],"1171404":["1007A 1"],"1122415":["1003B 2"]}},{"code":"1030427","address":"Eteläranta","name":"Eteläranta","x":2553067,"y":6673026,"neighbors":{"1030423":["1003T 1"],"1090415":["1003T 2"]}},{"code":"1020449","address":"Aleksanterinkatu 13","name":"Aleksanterinkatu","x":2552744,"y":6673427,"neighbors":{"1020463":["1004  1","1007A 1"],"1020450":["1003T 2","1004  2","1007B 2"],"1020401":["1003T 1"]}},{"code":"1020401","address":"Mikonkatu","name":"Mikonkatu","x":2552670,"y":6673543,"neighbors":{"1020449":["1003T 2"],"1020453":["1003T 1"]}},{"code":"1040411","address":"Simonkatu","name":"Simonkatu","x":2552082,"y":6673389,"neighbors":{"1040408":["1009  2"],"1020453":["1003T 2","1009  1"],"1040413":["1003T 1"]}},{"code":"1040413","address":"Fredrikinkatu","name":"Kamppi(M)","x":2551869,"y":6673381,"neighbors":{"1130438":["1003T 1"],"1040411":["1003T 2"]}},{"code":"1130438","address":"Arkadiankatu 20","name":"Kauppakorkeakoulut","x":2551541,"y":6673659,"neighbors":{"1130440":["1003T 1"],"1040413":["1003T 2"]}},{"code":"1130440","address":"Runeberginkatu 31","name":"Sammonkatu","x":2551382,"y":6673910,"neighbors":{"1130442":["1003T 1"]}},{"code":"1130442","address":"Runeberginkatu","name":"Apollonkatu","x":2551362,"y":6674229,"neighbors":{"1130441":["1003T 2"],"1140447":["1003T 1","1008  1"],"1130446":["1008  2"]}},{"code":"1140447","address":"Runeberginkatu 55","name":"Töölöntori","x":2551432,"y":6674585,"neighbors":{"1130442":["1003T 2","1008  2"],"1140436":["1003T 1","1008  1"]}},{"code":"1140436","address":"Mannerheimintie","name":"Ooppera","x":2551606,"y":6674890,"neighbors":{"1140438":["1003T 1","1004  1","1007A 1","1010  1"],"1140452":["1008  1"],"1140447":["1003T 2","1008  2"],"1130434":["1004  2","1007B 2","1010  2"]}},{"code":"1140438","address":"Mannerheimintie 29","name":"Töölön halli","x":2551310,"y":6675270,"neighbors":{"1140440":["1003T 1","1004  1","1007A 1","1010  1"]}},{"code":"1140440","address":"Nordenskiöldinkatu 9","name":"Kansaneläkelaitos","x":2551158,"y":6675545,"neighbors":{"1140439":["1003T 2","1004  2","1007B 2","1010  2"],"1171442":["1003T 1","1007A 1"],"1150431":["1004  1","1010  1"]}},{"code":"1171442","address":"Nordenskiöldinkatu","name":"Auroran sairaala","x":2551506,"y":6675903,"neighbors":{"1171445":["1003T 1","1007A 1"]}},{"code":"1180443","address":"Nordenskiöldinkatu","name":"Auroran sairaala","x":2551417,"y":6675884,"neighbors":{"1140440":["1003T 2","1007B 2"]}},{"code":"1140439","address":"Mannerheimintie 76","name":"Töölön halli","x":2551351,"y":6675166,"neighbors":{"1140436":["1003T 2","1004  2","1007B 2","1010  2"]}},{"code":"1130441","address":"Runeberginkatu","name":"Sammonkatu","x":2551415,"y":6673801,"neighbors":{"1130438":["1003T 2"]}},{"code":"1020450","address":"Aleksanterinkatu","name":"Senaatintori","x":2552923,"y":6673411,"neighbors":{"1030423":["1003T 2"],"1010424":["1004  2"],"1010420":["1007B 2"]}},{"code":"1080416","address":"Merikasarminkatu","name":"Merisotilaantori","x":2554270,"y":6673260,"neighbors":{"1080410":["1004  1"]}},{"code":"1080410","address":"Merikasarminkatu","name":"Puolipäivänkatu","x":2554186,"y":6673228,"neighbors":{"1080416":["1004  2"],"1080408":["1004  1"]}},{"code":"1080408","address":"Linnankatu","name":"Vyökatu","x":2553964,"y":6673135,"neighbors":{"1080406":["1004  1"],"1080410":["1004  2"]}},{"code":"1080406","address":"Kruunuvuorenkatu 7","name":"Kauppiaankatu","x":2553787,"y":6673172,"neighbors":{"1080404":["1004  1"],"1080408":["1004  2"]}},{"code":"1080404","address":"Satamakatu","name":"Katajanokan puisto","x":2553566,"y":6673265,"neighbors":{"1010424":["1004  1"]}},{"code":"1010424","address":"Aleksanterinkatu","name":"Ritarihuone","x":2553268,"y":6673465,"neighbors":{"1080403":["1004  2"],"1010451":["1004  1"]}},{"code":"1020444","address":"Mannerheimintie 9","name":"Lasipalatsi","x":2552222,"y":6673587,"neighbors":{"1130432":["1004  1","1007A 1","1010  1"],"1020463":["1004  2","1007B 2","1010  2"]}},{"code":"1130432","address":"Mannerheimintie","name":"Kansallismuseo","x":2551947,"y":6674069,"neighbors":{"1020444":["1004  2","1007B 2","1010  2"],"1130434":["1004  1","1007A 1","1010  1"]}},{"code":"1130434","address":"Mannerheimintie","name":"Hesperian puisto","x":2551753,"y":6674438,"neighbors":{"1130432":["1004  2","1007B 2","1010  2"],"1140436":["1004  1","1007A 1","1010  1"]}},{"code":"1150431","address":"Tukholmankatu","name":"Töölön tulli","x":2550732,"y":6675867,"neighbors":{"1140440":["1004  2","1010  2"],"1150433":["1004  1"],"1180439":["1010  1"]}},{"code":"1150433","address":"Tukholmankatu 15","name":"Meilahden sairaala","x":2550400,"y":6675878,"neighbors":{"1150431":["1004  2"],"1150435":["1004  1"]}},{"code":"1150435","address":"Paciuksenkatu","name":"Meilahdentie","x":2549816,"y":6676084,"neighbors":{"1150433":["1004  2"],"1150437":["1004  1"]}},{"code":"1150437","address":"Paciuksenkatu","name":"Paciuksenkaari","x":2549575,"y":6676282,"neighbors":{"1150435":["1004  2"],"1301450":["1004  1"]}},{"code":"1301450","address":"Munkkin. puistotie 7","name":"Munkkin. puistotie","x":2549098,"y":6676502,"neighbors":{"1301452":["1004  1"],"1150437":["1004  2"]}},{"code":"1301452","address":"Munkkin. puistotie","name":"Laajalahden aukio","x":2548809,"y":6676611,"neighbors":{"1301454":["1004  1"],"1301450":["1004  2"]}},{"code":"1301454","address":"Laajalahdentie 4","name":"Tiilimäki","x":2548556,"y":6676304,"neighbors":{"1301456":["1004  1"],"1301452":["1004  2"]}},{"code":"1301456","address":"Saunalahdentie","name":"Saunalahdentie","x":2548572,"y":6676211,"neighbors":{"1301454":["1004  2"]}},{"code":"1080403","address":"Kruunuvuorenkatu","name":"Katajanokan puisto","x":2553645,"y":6673233,"neighbors":{"1080406":["1004  2"]}},{"code":"1040446","address":"Ruoholahdenranta","name":"Hietalahti","x":2551495,"y":6672600,"neighbors":{"1040444":["1006  1"]}},{"code":"1040444","address":"Hietalahdenranta 15","name":"Köydenpunojankatu","x":2551700,"y":6672575,"neighbors":{"1050432":["1006  1"]}},{"code":"1050432","address":"Bulevardi 42","name":"Hietalahdentori","x":2551832,"y":6672626,"neighbors":{"1040442":["1006  2"],"1040440":["1006  1"]}},{"code":"1040440","address":"Bulevardi 34","name":"Aleksant. teatteri","x":2552101,"y":6672797,"neighbors":{"1040401":["1006  1"]}},{"code":"1113432","address":"Hämeentie","name":"Haapaniemi","x":2553309,"y":6674974,"neighbors":{"1113434":["1006  1","1007B 1"],"1111428":["1006  2","1007A 2"]}},{"code":"1113434","address":"Hämeentie 15","name":"Käenkuja","x":2553506,"y":6675260,"neighbors":{"1113432":["1006  2","1007A 2"],"1121436":["1006  1","1007B 1"]}},{"code":"1121436","address":"Hämeentie 33","name":"Sörnäinen(M)","x":2553640,"y":6675586,"neighbors":{"1220406":["1006  1","1007B 1","1008  1"]}},{"code":"1220406","address":"Hämeentie","name":"Lautatarhankatu","x":2553692,"y":6675811,"neighbors":{"1220425":["1007B 1"],"1220408":["1006  1","1008  1"],"1121437":["1006  2","1007A 2","1008  2"]}},{"code":"1220408","address":"Hämeentie 63","name":"Hauhon puisto","x":2553690,"y":6676135,"neighbors":{"1220406":["1006  2","1008  2"],"1220410":["1006  1","1008  1"]}},{"code":"1220410","address":"Hämeentie 85","name":"Vallilan varikko","x":2553566,"y":6676511,"neighbors":{"1220408":["1006  2","1008  2"],"1220403":["1006  1","1008  1"]}},{"code":"1220403","address":"Hämeentie","name":"Paavalin kirkko","x":2553525,"y":6676730,"neighbors":{"1240418":["1006  1","1008  1"],"1220410":["1006  2","1008  2"]}},{"code":"1240418","address":"Hämeentie","name":"Kyläsaarenkatu","x":2553740,"y":6677220,"neighbors":{"1230409":["1006  1","1008  1"],"1220403":["1006  2","1008  2"]}},{"code":"1230409","address":"Hämeentie","name":"Toukoniitty","x":2553961,"y":6677400,"neighbors":{"1240418":["1006  2","1008  2"],"1230405":["1006  1","1008  1"]}},{"code":"1230405","address":"Arabiankatu","name":"Arabiankatu","x":2554220,"y":6677670,"neighbors":{"1230409":["1006  2","1008  2"],"1230407":["1006  1","1008  1"]}},{"code":"1230407","address":"Arabianranta","name":"Arabianranta","x":2554425,"y":6677835,"neighbors":{"1230405":["1006  2","1008  2"]}},{"code":"1121437","address":"Hämeentie","name":"Sörnäinen(M)","x":2553574,"y":6675529,"neighbors":{"1113434":["1006  2","1007A 2"],"1121450":["1008  2"]}},{"code":"1050439","address":"Bulevardi 25","name":"Aleksant. teatteri","x":2551988,"y":6672745,"neighbors":{"1050432":["1006  2"]}},{"code":"1040442","address":"Hietalahdenkatu","name":"Hietalahdenkatu","x":2551700,"y":6672775,"neighbors":{"1040443":["1006  2"]}},{"code":"1040443","address":"Kalevankatu","name":"Kalevankatu","x":2551545,"y":6672725,"neighbors":{"1040446":["1006  2"]}},{"code":"1171404","address":"Pasilanraitio 1","name":"Palkkatilanportti","x":2551629,"y":6676449,"neighbors":{"1171445":["1007B 2"],"1171406":["1007A 1"]}},{"code":"1171406","address":"Pasilanraitio","name":"Maistraatintori","x":2551502,"y":6676735,"neighbors":{"1171408":["1007A 1"],"1171404":["1007B 2"]}},{"code":"1171408","address":"Kyllikinportti 2","name":"Kyllikinportti","x":2551538,"y":6676860,"neighbors":{"1171410":["1007A 1"],"1171406":["1007B 2"]}},{"code":"1171410","address":"Pasilankatu","name":"Esterinportti","x":2551668,"y":6676620,"neighbors":{"1173435":["1007A 1"],"1171408":["1007B 2"]}},{"code":"1173435","address":"Ratapihantie 7","name":"Pasilan asema","x":2552025,"y":6676740,"neighbors":{"1171410":["1007B 2"],"1173418":["1007A 2"],"1173401":["1009  2"]}},{"code":"1173418","address":"Rautatieläisenkatu 6","name":"Messukeskus","x":2552111,"y":6677002,"neighbors":{"1173435":["1007B 1","1009  1"],"1173432":["1007A 2"]}},{"code":"1173432","address":"Ratamestarinkatu 10","name":"Kellosilta","x":2552255,"y":6676950,"neighbors":{"1173418":["1007B 1","1009  1"],"1173430":["1007A 2"]}},{"code":"1173430","address":"Radanrakentajantie","name":"Radanrakentajantie","x":2552392,"y":6676903,"neighbors":{"1220426":["1007A 2"],"1173432":["1007B 1"]}},{"code":"1220425","address":"Mäkelänkatu 6","name":"Vallilan kirjasto","x":2553487,"y":6676013,"neighbors":{"1220416":["1007B 1"],"1220406":["1007A 2"]}},{"code":"1203404","address":"Länsisatamankatu","name":"Saukonpaasi","x":2550785,"y":6672107,"neighbors":{"1203402":["1008  1"]}},{"code":"1203402","address":"Länsisatamankatu","name":"Crusellinsilta","x":2550659,"y":6672338,"neighbors":{"1201403":["1008  1"],"1203404":["1008  2"]}},{"code":"1201403","address":"Länsisatamankatu","name":"Länsisatamankatu","x":2550612,"y":6672690,"neighbors":{"1201431":["1008  1"],"1203402":["1008  2"]}},{"code":"1201431","address":"Itämerenkatu 19","name":"Ruoholahti(M)","x":2550972,"y":6672762,"neighbors":{"1201403":["1008  2"],"1201429":["1008  1"]}},{"code":"1201429","address":"Itämerenkatu 4","name":"Itämerenkatu","x":2551255,"y":6672782,"neighbors":{"1201431":["1008  2"],"1040480":["1008  1"]}},{"code":"1040480","address":"Mechelininkatu","name":"Marian sairaala","x":2551315,"y":6673210,"neighbors":{"1130444":["1008  1"],"1201429":["1008  2"]}},{"code":"1130444","address":"Mechelininkatu","name":"Perhonkatu","x":2551285,"y":6673563,"neighbors":{"1040480":["1008  2"],"1130446":["1008  1"]}},{"code":"1130446","address":"Mechelininkatu 21","name":"Caloniuksenkatu","x":2551211,"y":6673892,"neighbors":{"1130444":["1008  2"],"1130442":["1008  1"]}},{"code":"1140452","address":"Helsinginkatu","name":"Kaupunginpuutarha","x":2551892,"y":6675133,"neighbors":{"1121446":["1008  1"],"1140436":["1008  2"]}},{"code":"1121446","address":"Helsinginkatu","name":"Linnanmäki","x":2552410,"y":6675306,"neighbors":{"1121480":["1008  1"],"1140452":["1008  2"]}},{"code":"1121450","address":"Helsinginkatu 16","name":"Helsinginkatu","x":2553202,"y":6675448,"neighbors":{"1121406":["1008  2"],"1121436":["1008  1"]}},{"code":"1121406","address":"Helsinginkatu","name":"Helsinginkatu","x":2553017,"y":6675442,"neighbors":{"1121480":["1008  2"],"1220435":["1009  1"],"1113480":["1009  2"]}},{"code":"1203410","address":"Tyynenmerenkatu","name":"Länsiterminaali","x":2551281,"y":6671775,"neighbors":{"1203408":["1009  1"]}},{"code":"1203408","address":"Tyynenmerenkatu","name":"Bunkkeri","x":2551365,"y":6671902,"neighbors":{"1203406":["1009  1"],"1203410":["1009  2"]}},{"code":"1203406","address":"Tyynenmerenkatu","name":"Huutokonttori","x":2551367,"y":6672382,"neighbors":{"1040404":["1009  1"],"1203408":["1009  2"]}},{"code":"1040404","address":"Ruoholahdenranta","name":"Länsilinkki","x":2551452,"y":6672710,"neighbors":{"1040406":["1009  1"],"1203406":["1009  2"]}},{"code":"1040406","address":"Ruoholahdenkatu","name":"Ruoholahden villat","x":2551620,"y":6672976,"neighbors":{"1040408":["1009  1"],"1040404":["1009  2"]}},{"code":"1040408","address":"Malminrinne","name":"Kampintori","x":2551890,"y":6673260,"neighbors":{"1040406":["1009  2"],"1040411":["1009  1"]}},{"code":"1220435","address":"Aleksis Kiven Katu","name":"Fleminginkatu","x":2552998,"y":6675740,"neighbors":{"1220433":["1009  1"]}},{"code":"1220433","address":"Aleksis Kiven Katu","name":"Sturenkatu","x":2552803,"y":6675888,"neighbors":{"1220431":["1009  1"],"1121404":["1009  2"]}},{"code":"1220431","address":"Aleksis Kiven Katu","name":"Kotkankatu","x":2552536,"y":6676100,"neighbors":{"1220433":["1009  2"],"1220429":["1009  1"]}},{"code":"1220429","address":"Traverssikuja","name":"Pasilan konepaja","x":2552626,"y":6676220,"neighbors":{"1220431":["1009  2"],"1173403":["1009  1"]}},{"code":"1173403","address":"Kumpulantie","name":"Jämsänkatu","x":2552440,"y":6676527,"neighbors":{"1220429":["1009  2"],"1173401":["1009  1"]}},{"code":"1173401","address":"Ratamestarinkatu","name":"Asemapäällikönkatu","x":2552354,"y":6676678,"neighbors":{"1173403":["1009  2"],"1173432":["1009  1"]}},{"code":"1121404","address":"Fleminginkatu","name":"Fleminginkatu","x":2553028,"y":6675658,"neighbors":{"1121406":["1009  2"]}},{"code":"1070425","address":"Tarkk ampujankatu 2","name":"Tarkk ampujankatu","x":2552792,"y":6672531,"neighbors":{"1070426":["1010  1"]}},{"code":"1070426","address":"Kasarmikatu 11","name":"Kirurgi","x":2552830,"y":6672654,"neighbors":{"1070427":["1010  1"]}},{"code":"1070427","address":"Yrjönkatu","name":"Johanneksen kirkko","x":2552665,"y":6672787,"neighbors":{"1070425":["1010  2"],"1030428":["1010  1"]}},{"code":"1030428","address":"Erottajankatu 11","name":"Kolmikulma","x":2552581,"y":6673000,"neighbors":{"1020463":["1010  1"],"1070427":["1010  2"]}},{"code":"1180439","address":"Mannerheimintie 85","name":"Jalavatie","x":2550462,"y":6676126,"neighbors":{"1150431":["1010  2"],"1180441":["1010  1"]}},{"code":"1180441","address":"Mannerheimintie","name":"Kuusitie","x":2550228,"y":6676304,"neighbors":{"1160414":["1010  1"],"1180439":["1010  2"]}},{"code":"1160414","address":"Mannerheimintie","name":"Tilkka","x":2550148,"y":6676735,"neighbors":{"1180441":["1010  2"],"1160401":["1010  1"]}},{"code":"1160401","address":"Korppaanmäentie 1","name":"Ruskeasuo","x":2550000,"y":6677200,"neighbors":{"1160414":["1010  2"],"1160403":["1010  1"]}},{"code":"1160403","address":"Korppaanmäentie 7","name":"Kytösuontie","x":2549850,"y":6677285,"neighbors":{"1291401":["1010  1"],"1160401":["1010  2"]}},{"code":"1291401","address":"Korppaanmäentie","name":"Haapalahdenkatu","x":2549665,"y":6677438,"neighbors":{"1291403":["1010  1"],"1160403":["1010  2"]}},{"code":"1291403","address":"Korppaanmäentie","name":"Korppaanmäki","x":2549663,"y":6677720,"neighbors":{"1291401":["1010  2"]}}]

